RegionID,SizeRank,ZipCode,RegionType,StateName,State,City,Metro,CountyName,2015-01-31,2015-02-28,2015-03-31,2015-04-30,2015-05-31,2015-06-30,2015-07-31,2015-08-31,2015-09-30,2015-10-31,2015-11-30,2015-12-31,2016-01-31,2016-02-29,2016-03-31,2016-04-30,2016-05-31,2016-06-30,2016-07-31,2016-08-31,2016-09-30,2016-10-31,2016-11-30,2016-12-31,2017-01-31,2017-02-28,2017-03-31,2017-04-30,2017-05-31,2017-06-30,2017-07-31,2017-08-31,2017-09-30,2017-10-31,2017-11-30,2017-12-31,2018-01-31,2018-02-28,2018-03-31,2018-04-30,2018-05-31,2018-06-30,2018-07-31,2018-08-31,2018-09-30,2018-10-31,2018-11-30,2018-12-31,2019-01-31,2019-02-28,2019-03-31,2019-04-30,2019-05-31,2019-06-30,2019-07-31,2019-08-31,2019-09-30,2019-10-31,2019-11-30,2019-12-31,2020-01-31,2020-02-29,2020-03-31,2020-04-30,2020-05-31,2020-06-30,2020-07-31,2020-08-31,2020-09-30,2020-10-31,2020-11-30,2020-12-31,2021-01-31,2021-02-28,2021-03-31,2021-04-30,2021-05-31,2021-06-30,2021-07-31,2021-08-31,2021-09-30,2021-10-31,2021-11-30,2021-12-31,2022-01-31,2022-02-28,2022-03-31,2022-04-30,2022-05-31,2022-06-30,2022-07-31,2022-08-31,2022-09-30,2022-10-31,2022-11-30,2022-12-31,2023-01-31,2023-02-28,2023-03-31,2023-04-30,2023-05-31,2023-06-30,2023-07-31,2023-08-31,2023-09-30,2023-10-31,2023-11-30,2023-12-31,2024-01-31,2024-02-29,2024-03-31,2024-04-30,2024-05-31,2024-06-30,2024-07-31,2024-08-31,2024-09-30,2024-10-31,2024-11-30,2024-12-31,2025-01-31,2025-02-28,2025-03-31,2025-04-30,2025-05-31,2025-06-30,2025-07-31,2025-08-31,2025-09-30,2025-10-31,2025-11-30,2025-12-31,2026-01-31
58660,314,02148,zip,MA,MA,Malden,"Boston-Cambridge-Newton, MA-NH",Middlesex County,1660.90137027648,1660.90137027648,1660.90137027648,1660.90137027648,1660.90137027648,1660.90137027648,1660.90137027648,1660.90137027648,1660.90137027648,1660.90137027648,1660.90137027648,1660.90137027648,1660.90137027648,1660.90137027648,1660.90137027648,1660.90137027648,1657.45062551968,1648.36096114454,1656.10630352776,1679.44444811613,1696.94011159433,1704.23306460919,1682.36274768411,1691.59923106133,1688.98646249718,1698.97748706179,1696.62851992347,1710.13100154052,1728.01650540235,1725.29647642465,1724.69257984827,1727.84569286253,1727.78847342828,1732.96751204773,1696.32835035164,1721.44691135944,1768.4347441417,1841.39732707142,1847.68553612674,1824.44348893187,1829.30251817769,1830.64855811577,1848.24049191604,1861.07739343833,1877.74765761186,1833.24966521865,1852.75741123859,1851.36262070063,1940.19148201097,1895.2751295386,1928.93316837595,1900.25117170663,1962.10077553973,1971.49861514558,1987.30114110374,1972.24722305581,1972.60286681834,1955.36512181334,1977.85310189531,1957.61067951217,1979.49203588473,1981.14706510132,2003.72544161634,2007.14873017378,1992.26245871207,1989.70166356524,1968.65282305127,1951.47619920446,1925.45880879355,1907.25708978596,1883.87382681917,1915.72754740264,1901.33705324671,1914.6360819968,1902.87017052791,1952.0290251104,1987.15751972995,2006.67739243182,2035.45239049289,2077.10079096263,2127.43839007755,2153.52128192372,2148.37767236848,2118.3696437308,2096.36404492172,2109.28919086124,2114.51047680605,2144.60875815003,2160.23053696489,2243.7372106719,2258.69624108899,2320.76925073995,2327.43142133837,2366.57313124678,2374.5849331505,2398.41163170603,2404.71502810167,2368.12760375768,2338.89897598992,2356.07489130824,2413.31418887411,2434.87582272596,2446.14801293,2455.27885785212,2465.28730639401,2466.61983542225,2454.63312752717,2446.64988461126,2464.02101251397,2477.46676492136,2517.06586982707,2506.52406669302,2517.0613087362,2512.29785502693,2541.03620717052,2538.22126366593,2458.51450584839,2457.94717954598,2478.50791582776,2577.75924495898,2592.91025183511,2603.61921156856,2620.69410430279,2629.537677573,2653.23457310628,2660.7703023301,2670.29511965212,2649.2642121404,2633.68489286419,2638.1681145091,2628.21086875214,2628.83984956473,2604.0779054917
58666,429,02155,zip,MA,MA,Medford,"Boston-Cambridge-Newton, MA-NH",Middlesex County,2170.30168004313,2170.30168004313,2170.30168004313,2170.30168004313,2170.30168004313,2170.30168004313,2170.30168004313,2170.30168004313,2170.30168004313,2170.30168004313,2170.30168004313,2170.30168004313,2170.30168004313,2170.30168004313,2170.30168004313,2228.46785714747,2220.70088461836,2241.93290242963,2232.96345060197,2258.86847209751,2235.27666735912,2218.6581780676,2187.64818908665,2212.10219052917,2217.69358770642,2210.39519086831,2211.09990498202,2237.03186731251,2277.72384166079,2314.0368899765,2351.3661580819,2344.01161706445,2325.51727687357,2280.91918760883,2306.50058673435,2273.03716808032,2307.77888193231,2324.33658291698,2388.09545819152,2409.43005361352,2424.10568629144,2427.17808698009,2424.4927930863,2405.93560891811,2397.40690304278,2401.26508068385,2376.61541538427,2360.93229858276,2338.31510326268,2389.78104410273,2428.10358549516,2486.0032018213,2495.74953368437,2511.36715104358,2507.14597185661,2480.86809869105,2457.83662253428,2447.3648781901,2445.09659322864,2442.96221700423,2462.05770044173,2495.57778314293,2535.05734556472,2505.81912839541,2519.16908583963,2520.72275442983,2530.47235896649,2508.37489893149,2427.88917178234,2374.04664854889,2312.4070295871,2291.75642875066,2255.15493656157,2285.20969190577,2328.95557353768,2433.61249584617,2487.54442283712,2554.85153353098,2595.6427953293,2634.70790255381,2663.00916259648,2654.53347190111,2650.54977260088,2630.53928477798,2653.55777830951,2659.88183953401,2712.87516784465,2748.10447227955,2830.09829169978,2889.09250753801,2938.65869474974,2927.11852175823,2897.77997914003,2933.04122555032,2946.11372667472,2967.25361202656,2931.50255476123,2975.01348601022,3021.17039742107,3091.6709864423,3109.87831183288,3115.46840998923,3123.46035306155,3108.80266154634,3131.4287804669,3076.87855806939,3075.44328590984,3064.57926022744,3122.03475957215,3153.09353280359,3198.40860395656,3215.21246963039,3247.63131874251,3254.69014259592,3256.71408800466,3225.35413361679,3187.35804820436,3149.38270461752,3124.60123944571,3116.1757676097,3150.64355182734,3179.08163424163,3205.29954168782,3215.98187947405,3267.10151020875,3309.69018696573,3312.96934152065,3298.71667058671,3324.31987105749,3342.28380275738,3294.09492155916,3221.71142987955,3220.06752136752
58663,467,02151,zip,MA,MA,Revere,"Boston-Cambridge-Newton, MA-NH",Suffolk County,1643.30106796899,1643.30106796899,1643.30106796899,1643.30106796899,1643.30106796899,1643.30106796899,1643.30106796899,1643.30106796899,1643.30106796899,1643.30106796899,1643.30106796899,1643.30106796899,1643.30106796899,1643.30106796899,1643.30106796899,1643.30106796899,1643.30106796899,1643.30106796899,1643.30106796899,1643.30106796899,1643.30106796899,1643.30106796899,1643.30106796899,1643.30106796899,1643.30106796899,1643.30106796899,1643.30106796899,1643.30106796899,1684.75528223175,1708.35618461839,1730.78978578452,1734.32200331788,1761.99498706352,1759.55107133256,1756.27668392508,1756.76159020491,1789.99178652101,1865.03441386894,1862.95454309505,1826.61825037183,1712.88749438785,1734.7115851482,1790.43753978982,1903.63181142632,1912.5798679886,1886.40674931644,1904.59398838823,1928.47878566117,1940.90026323762,1969.75447854566,1943.24452952997,1981.6663176086,1963.69313427879,1985.19674788639,1989.51027965027,1994.59990103413,2025.610875096,2034.73349826799,2041.35827836989,2134.54785442934,2132.80528842359,2147.52906754654,2066.81676195211,2063.29485802458,2043.56778678447,2010.21038022518,2013.95575551554,2009.32428571664,2004.11270536036,1990.40781562976,1980.20236540151,1991.00420450487,1998.23760297098,2032.91527310024,2054.12848065267,2060.25072727409,2086.49666100257,2104.97114624516,2150.46038833293,2168.05716068611,2180.11073003412,2195.3888841882,2193.99407383438,2155.33012597004,2145.90480876402,2196.30579359983,2241.78640715516,2282.50204361947,2290.4708870101,2356.85945779047,2428.52923098058,2465.69215623109,2483.68738202542,2452.05896717667,2411.11891734008,2398.16701647607,2395.21300953576,2443.83918423322,2486.29561015057,2509.45649436557,2550.86403986709,2569.773818647,2589.60171357094,2584.50792569962,2588.45578994878,2596.65098133016,2565.99332750847,2559.75947867303,2547.11551728096,2573.39284121902,2579.522811942,2618.31446796931,2659.0118209994,2701.29213400818,2733.62475004882,2719.30805675928,2694.27148961948,2653.76809554432,2639.32301169536,2632.82402062761,2652.90120421797,2670.26243729992,2708.54638394223,2734.33172271466,2767.94086701495,2857.83459688859,2877.23232181005,2862.00308582083,2773.16066569292,2784.63232748545,2774.07027347082,2801.44957689801,2761.5060130719
58669,547,02169,zip,MA,MA,Quincy,"Boston-Cambridge-Newton, MA-NH",Norfolk County,1658.87069902239,1658.87069902239,1658.87069902239,1676.48500800122,1665.44060030784,1704.00904706086,1704.50322590839,1711.1024619103,1709.71951517081,1712.08817889287,1737.48495648061,1722.43036453519,1708.02481733432,1688.95327547387,1727.72211497311,1784.46794848587,1810.93511118941,1806.54780728674,1773.72370101883,1787.8137591849,1762.78691983767,1771.9526660055,1764.38948528049,1782.68128175492,1787.72607824885,1810.64211097105,1837.64621692042,1856.96284822078,1854.95761394629,1869.45548652997,1881.65022466707,1891.36099363354,1883.6105069894,1873.44597828195,1876.11606414293,1877.59292289529,1893.82573768742,1882.06775737826,1886.79536833994,1877.51484412143,1917.44907367061,1919.8736615811,1933.70861838736,1930.96268073092,1941.71256110216,1972.91725442073,1980.52516751291,1986.54386010393,1950.92483438873,1964.62140208606,1987.84498535464,2008.0184704786,2005.00774792871,2012.48399488155,2031.49436002864,2036.07546352271,2011.98875896004,2004.0813223083,1994.09520149633,2001.35467864589,2027.7111418585,2038.63966627339,2068.97860409083,2048.91781239112,2051.29422413775,2050.45261907668,2066.73046613558,2057.35764219828,2008.8915851112,1974.37452111694,1962.72756330117,1949.62552522954,1946.4764271266,1958.57911585601,1995.30488446492,2021.2577312632,2051.57590220516,2094.7334121161,2137.08123954301,2169.22832041476,2189.8271774427,2198.20982500411,2212.56902559359,2205.77997819872,2210.00191581662,2206.14063492575,2245.67949525888,2302.09810964793,2353.84729107347,2380.42290387017,2393.25188894129,2389.24574440192,2404.21923058784,2413.68048097005,2420.76766066713,2390.9214515956,2385.5709389846,2401.81638243699,2440.49858113606,2461.48110459264,2471.28779406986,2480.3307199992,2502.82480627902,2502.14473028673,2521.5888056897,2497.02482655029,2521.40094399864,2495.89967927099,2494.99881840418,2478.24178323628,2499.35770709784,2524.89112145806,2553.46137814202,2577.95070637205,2614.6253996597,2629.05979925517,2619.62631604332,2608.11542048561,2587.64459217989,2584.84729869153,2576.71675637387,2590.16121027728,2605.10550997688,2614.57348550567,2629.43947420789,2651.37873757803,2676.92988863812,2694.53299898625,2694.22041635016,2680.43582738082,2658.85798603023,2643.84362870676,2655.21562980031
58642,1287,02128,zip,MA,MA,Boston,"Boston-Cambridge-Newton, MA-NH",Suffolk County,1850.16480034713,1850.16480034713,1850.16480034713,1850.16480034713,1850.16480034713,1850.16480034713,1850.16480034713,1850.16480034713,1850.16480034713,1850.16480034713,1850.16480034713,1886.5606566113102,1922.95651287549,1986.22144519909,1944.15882545095,1998.36601877366,2015.97393970831,2061.38140136986,2090.26701320973,2095.28525771812,2079.12117469635,2040.02935912752,2019.55889188611,2022.88769150869,2050.63018471392,2078.90149353143,2120.82898952307,2132.34241972077,2180.26448968278,2190.79192302717,2229.87215678694,2212.74624485375,2202.02852836228,2164.62458174668,2143.16297933758,2138.34561739569,2162.59765446332,2209.44345516033,2256.65591338663,2273.97978163477,2269.44918456385,2281.18200376455,2289.06730328926,2292.31047174598,2262.87145318981,2254.48138306293,2250.35471825795,2239.32997836178,2263.82478162064,2286.26958746642,2322.52603884507,2346.66284270196,2367.68349442303,2398.39376663144,2389.09221209781,2379.27425210529,2318.24361417969,2307.34733912821,2276.88267550304,2331.39568675345,2363.81428833648,2457.91357489057,2481.9026628783,2474.85601664675,2445.14410671497,2456.81896715901,2435.42438089673,2382.8452809741,2295.62116939217,2259.00651844338,2209.19173126748,2192.68683923852,2196.91584868748,2236.25033677235,2296.47868108999,2380.12318359226,2455.01633197243,2471.40812020217,2461.70263654101,2445.31798665419,2482.53070934521,2474.47475070661,2492.70494220913,2497.93167195421,2540.24407409156,2573.29805738215,2596.81424466098,2623.98512048317,2634.22365472,2671.53216697372,2700.35167140296,2724.45708112072,2738.06018870867,2689.99402477393,2685.34206398809,2664.92180636005,2726.5526021828,2752.50940233106,2785.10911729313,2803.32864047334,2840.61365258252,2888.76265514731,2917.20274484939,2903.9337599588,2896.4155303457,2796.70150426778,2795.03043495188,2793.09759669503,2892.95621599845,2941.05641125907,2961.05158739865,2995.17235620123,3001.23920124243,3017.69038295132,3005.58073528341,3025.09493092964,3006.96931756142,2978.90421342187,2935.03373720702,2938.78341905947,2979.29081132822,3034.14539861552,3076.28945462417,3106.07430052519,3112.06631933626,3151.96205678739,3197.7343514323,3183.21067070162,3143.6234195809,3025.42954066172,3017.10461165258,3000.86393879894,3042.50325127069
58649,1428,02135,zip,MA,MA,Boston,"Boston-Cambridge-Newton, MA-NH",Suffolk County,1919.7594546839,1917.65062815304,1950.09441856387,1985.52461979208,2005.90371081256,2021.52800380526,2012.88026787837,1998.86202374938,1973.09483041833,1961.58335734278,1979.32894024227,1983.93952251254,2001.53820652499,2020.42708486425,2049.85217881253,2068.7628024161,2068.94252352046,2081.057123419,2086.52458399623,2082.1145759002,2067.07856309055,2066.58765166168,2039.95126343854,2010.89170892685,2026.21989777457,2083.95176358018,2148.86607624749,2168.12460982841,2163.71019386795,2159.1732320027,2148.0203249322,2144.32380123273,2113.73054833686,2065.99259374255,2062.62709977785,2081.52166701372,2140.96518057977,2167.05954223097,2205.7900929801,2227.02441299478,2240.56024350708,2233.86470668954,2225.03125936783,2202.96041841962,2178.8205030974,2171.7397955813,2158.58734558348,2192.25171324039,2211.87525714188,2255.48898734979,2262.58367429262,2273.26624590349,2288.60797102635,2307.85061939155,2328.10416326311,2328.70938250769,2307.0516693172,2268.60290389053,2238.37986586183,2261.89730799644,2303.26718433793,2345.9684660356,2367.11859383366,2365.97379164712,2357.9555973225,2335.00328195736,2302.97128561237,2245.34627022617,2180.44997608162,2136.28276605596,2107.82217580655,2094.92651455929,2107.53056846717,2150.71674300719,2205.95715711556,2223.0946867557,2248.87107692496,2265.14878160218,2285.27280953887,2279.64268446107,2255.41912741865,2270.97790171359,2298.7547400992,2360.98651169005,2397.4933643196,2416.14948846993,2426.10140236377,2452.71278264484,2481.66115928202,2513.72688350419,2548.6104763716,2567.50169187958,2596.95805821901,2581.13617390921,2596.23402267955,2611.99124697501,2643.03457881633,2675.94557860149,2693.54902385781,2729.50289872556,2750.04549820699,2766.34192083209,2777.44309905194,2791.28911325189,2777.85353843289,2813.27940188277,2819.14145050614,2848.80666312124,2839.7049925275,2855.28064216511,2881.66910926127,2888.40387475833,2916.27932789429,2913.32185323022,2908.58663167995,2860.535137439,2836.01686705867,2832.71436458193,2879.22788325776,2901.55257473417,2914.31180534015,2922.6667950062,2952.71461911637,2975.49907303224,2992.7725710479,2986.66572734509,2971.78735977802,2926.91123971167,2912.72825152393,2951.48463528467,2988.33292784455,3039.59164178494,3031.60884170347
58570,1439,01970,zip,MA,MA,Salem,"Boston-Cambridge-Newton, MA-NH",Essex County,1592.77198425402,1592.77198425402,1592.77198425402,1592.77198425402,1592.77198425402,1592.77198425402,1592.77198425402,1592.77198425402,1592.77198425402,1592.77198425402,1592.77198425402,1592.77198425402,1592.77198425402,1592.77198425402,1592.77198425402,1592.77198425402,1592.77198425402,1592.77198425402,1592.77198425402,1592.77198425402,1592.77198425402,1592.77198425402,1592.77198425402,1592.77198425402,1592.77198425402,1642.3386299417,1706.92962973876,1757.85793047674,1755.9401204168,1755.33705815804,1723.0795819402,1715.11466928384,1753.43987913158,1799.48823737939,1828.19425691674,1793.93301613266,1776.81600661159,1777.91689229461,1792.38260323842,1842.99824253234,1842.27847769075,1856.46514118141,1830.79736266834,1831.78691545004,1843.81343963685,1858.02191204412,1868.90974444195,1828.94084130095,1813.67377107549,1826.81305184911,1862.95036581862,1888.43720877321,1914.58090496625,1947.35733170168,1940.38409567894,1940.68130521398,1927.21083060099,1938.4379818841,1928.60199936996,1944.23386594741,1964.78189118095,1972.57526500781,1976.09162124134,1967.16658833648,1975.38279576302,1957.67203574857,1985.73489553435,2011.29700856469,2026.09541896657,2014.86760705111,1993.04062250434,1975.62315136573,1965.22646315591,1981.11052405975,2005.27043280794,2034.4665839296,2045.26903995384,2084.26385290639,2108.1942275063,2154.16800151898,2173.13819418824,2202.18225098699,2214.88550924138,2232.22707975173,2221.31434795904,2226.55814252664,2228.26346272607,2246.56397198267,2276.10854490213,2328.56462397626,2377.81045438979,2380.4578194198,2377.91243102032,2364.87314812684,2371.63388172898,2362.17472404575,2368.38620932614,2388.76393986396,2408.56274687519,2433.23356910648,2454.89171584627,2491.73175811797,2502.85670035692,2536.60011468076,2518.86734624387,2525.32884385873,2484.98708970994,2502.55250579555,2519.73996664026,2540.59862164644,2574.66055401965,2579.09232126276,2607.94933873231,2619.4205678121,2636.38211814433,2615.98491259598,2602.50711933939,2592.83266452709,2583.30510966866,2583.24240657041,2595.85686305978,2637.77238608147,2636.08322556751,2659.86429550789,2688.92874859733,2706.44071007401,2699.64978068147,2697.49920589563,2700.13509077702,2695.58414192658,2672.79490901505,2637.52366770418,2632.46494355318
58644,1834,02130,zip,MA,MA,Boston,"Boston-Cambridge-Newton, MA-NH",Suffolk County,1897.70381776343,1960.48391047543,2058.56441355959,2061.49455579519,2082.50111459883,2116.3349018453,2127.05070028307,2139.24272406532,2108.225025525,2044.02769394186,2048.05138028737,2048.93747871952,2144.17224031581,2134.24919062223,2177.45197367595,2180.95867503893,2223.83246086219,2224.90857835527,2216.32013800753,2155.65880475464,2160.53631038846,2134.4955256503,2176.83383165217,2161.27634096449,2226.20053449879,2258.24007035727,2310.78986768438,2306.44873258382,2323.9111330016,2323.03178234882,2301.94093808591,2261.98145301029,2231.69341774185,2214.91116020095,2248.59289122812,2376.65839906607,2431.11699497319,2460.75657651715,2390.56430561765,2399.31595234431,2389.38014775871,2390.67328692682,2414.74970897187,2401.47253426219,2357.42463877168,2304.19699488595,2285.62194634936,2359.16345638514,2398.39734173313,2462.04668833145,2458.89363037361,2492.19090979106,2504.29442849812,2493.66259691951,2480.48131454836,2450.67765728706,2451.93397878119,2411.0283857476,2390.95639620642,2396.93616806324,2451.24069513515,2508.95966862983,2517.70314814433,2512.65572686879,2503.97703102647,2496.22929155876,2479.8047350482,2432.15275262342,2380.09622162982,2297.3696064761,2270.0495329034,2253.19952059011,2287.7510790651,2331.49615206759,2391.37081385101,2452.15699589824,2477.23928875066,2487.2038009757,2491.6546687668,2470.60315170096,2493.24214107608,2502.4219142198,2546.51692504508,2534.83000941859,2571.65904804192,2591.22423248888,2638.92903966007,2666.68826749063,2711.0144661504,2728.24202273617,2724.9675337792,2729.17588188404,2761.9654467671,2775.4957242356,2768.02228019987,2751.09653871833,2773.27776535435,2808.65839491521,2845.08442315477,2873.59366975624,2900.80013152234,2942.53870431697,2959.36947849444,2948.75394316419,2885.52715712833,2879.43860159104,2920.03743077048,3000.14193790322,3032.54582781047,3030.03622605467,3038.92548310216,3065.39092896587,3078.03491881784,3085.0365931738,3080.60845935468,3058.29863217821,2977.6560376006,2929.20909654829,2934.48319530211,2973.70335545799,3052.09949033549,3113.07783994035,3170.31133743202,3172.29669217564,3187.54362254261,3183.36695246937,3162.48674437573,3079.05873450035,3022.15187621715,3010.0939042625,3057.44394290759,3096.06101181296,3120.93518518519
58653,2162,02139,zip,MA,MA,Cambridge,"Boston-Cambridge-Newton, MA-NH",Middlesex County,2260.80061040829,2230.28263619665,2278.09242786687,2346.05962429933,2411.16300839999,2417.60370273399,2415.577091219,2413.96725312103,2399.41552556371,2346.93170066926,2325.26327913019,2308.72042631386,2354.44124623411,2383.59251532603,2387.31342608219,2431.72359706254,2462.89885872085,2510.71636276895,2497.90824407123,2497.65526388766,2500.50758462662,2429.40007180322,2389.94967854069,2360.55899384572,2427.96912898969,2439.45277187352,2528.75217703786,2574.12698496345,2634.42455935306,2605.08974246892,2570.00337110142,2557.2710763349,2532.1628271,2505.34246679227,2494.79702880111,2503.17821152168,2518.13404754006,2543.31469861612,2598.46281207832,2650.68294741203,2677.21771521634,2675.38916749589,2689.9215676313,2693.83303896031,2680.07383098614,2631.8166232027,2618.98461979878,2539.78645476699,2551.16903012585,2567.74898858071,2675.62789822356,2746.22157136184,2768.94374569926,2763.15382056435,2755.79364017279,2718.25868464399,2706.94337676361,2613.41712558914,2648.81139087764,2660.83471242117,2723.09665907647,2740.85425062092,2773.81859816502,2804.86105906188,2788.14957534901,2764.40445673706,2739.65593174816,2665.20172141286,2568.1789619418,2486.42550714607,2419.34771354759,2411.13724505963,2388.08342923494,2446.75851260719,2488.68804300292,2597.71610264408,2664.28441756706,2735.2594697246,2762.41338632642,2748.9004047658,2742.06187655501,2715.58382886381,2779.15006498518,2789.22948694634,2794.92587056106,2784.76050366413,2824.57141742175,2891.9520619357,2940.15005886361,2995.6625822891,3037.62318484758,3073.84460890108,3124.28546119565,3102.69896376906,3066.66417090033,2983.09270823148,2969.15745506818,2984.54947375416,3044.1011782444,3094.1165692913,3144.91132707108,3165.21905338617,3207.68944220969,3192.5205989338,3200.1043376288,3174.1958835216,3140.32643186588,3142.76113801677,3154.08969415561,3244.03938874199,3260.02429787411,3280.10106716252,3299.8417544912,3326.02182646139,3349.15006911856,3308.97588703377,3260.30937648995,3207.20885014533,3190.4197506333,3130.83005846336,3164.61663399969,3202.69325754916,3334.04000730761,3379.18617965204,3407.27726235459,3381.46017273109,3365.26001689552,3373.27233243548,3329.78355690717,3318.79652717564,3221.9995771554,3168.73410919245,3183.70655518395
58652,2186,02138,zip,MA,MA,Cambridge,"Boston-Cambridge-Newton, MA-NH",Middlesex County,2023.62603889383,2136.25802114385,2141.2136922981,2182.78269692513,2145.18284952221,2164.63304277309,2163.64330956459,2171.37406843897,2145.01443056873,2146.02008442932,2077.39235400906,2077.2561751102403,2077.11999621142,2221.58131020869,2233.32587911487,2293.19966207134,2259.60351662504,2299.58167003344,2289.06944116075,2270.93262432763,2267.3994106749,2219.71141862319,2233.02241025035,2211.11473554334,2268.11628440623,2276.65058190543,2325.78942485482,2348.82393760824,2367.4917816834,2358.8089289764,2364.45865849007,2323.8387395424,2324.65193169404,2312.22808926433,2315.40369991802,2297.16766360116,2300.3914270204,2299.60999905381,2328.93709579954,2334.40477131937,2382.97045857386,2403.88701501665,2426.21916641907,2413.89031603557,2408.56198872642,2415.56885842522,2407.25336947472,2391.06324595345,2335.5333209167,2349.55417656664,2383.25138366401,2442.70593228275,2459.09907730099,2460.56268596814,2471.70368582291,2489.6370905978,2484.58354839679,2507.83745891302,2499.22245107086,2517.79447283533,2489.41320958782,2486.23041540727,2510.05075488811,2523.24331446322,2532.12835097489,2512.64636594314,2494.79809374967,2436.14002319461,2337.28816354086,2254.36916487466,2199.8846006646,2185.13362826492,2182.06533923718,2245.08601453806,2307.57041614156,2373.81704099215,2419.23244712181,2475.8645418871,2524.70206610329,2529.91267098618,2541.67416353903,2551.72198110276,2564.82190580092,2576.29965865593,2576.7057205173,2606.91458068161,2611.62339404929,2659.89744653785,2692.14429275957,2745.60079463767,2763.58263281873,2763.2203927475,2760.76389044779,2757.17801363425,2771.1287062578,2765.52586251083,2736.04669211005,2783.03540404579,2826.05407020963,2898.37403651136,2911.20364658095,2922.8069904025,2912.7203000804,2906.14559823377,2886.50039524269,2917.29777243376,2872.65807515624,2849.91007472822,2849.06706671746,2898.35049887579,2968.32782691694,3014.31070040319,3064.23552921086,3091.45906996024,3094.12662987708,3080.89539716922,3075.8678844389,3040.51478899605,2998.20577698176,2944.73872109669,2940.14315332379,2990.09305287116,3077.52855285284,3127.95407141825,3155.71632442769,3162.30447779872,3232.58377362043,3208.00184493995,3183.51353894991,3080.85665550692,3047.18408692472,2993.11322486446,3002.80856595512
58641,2622,02127,zip,MA,MA,Boston,"Boston-Cambridge-Newton, MA-NH",Suffolk County,2031.87899938196,2128.27331530229,2164.38457888473,2255.32464092474,2318.01652332249,2341.63564525064,2349.59000002807,2349.52748190511,2308.20864624283,2272.33320536845,2267.9462876084,2279.91110197589,2282.24023999159,2278.59769182068,2320.9166001239,2364.68495870233,2412.56821501547,2414.18404536009,2454.03022764795,2451.01967006804,2441.95795731465,2425.08827067386,2392.65341064645,2384.41522693795,2373.8710174431,2415.22546081794,2451.80711723581,2491.47082425013,2522.62962937104,2560.52574188906,2569.73151275469,2552.43250425756,2513.66595037605,2482.3629114059,2463.26724446467,2473.32670066679,2498.53125346152,2516.44557345195,2561.03040756202,2594.81079763118,2649.50589202897,2653.6036436747,2648.42926354256,2623.38684781016,2595.58441438436,2588.8799103994,2582.99243620895,2584.16837956955,2574.18628362914,2621.2179218646,2670.43434012764,2725.67019863557,2737.25814175214,2749.01477450313,2752.28623442892,2749.33313653851,2711.74785339497,2674.45275764589,2664.32719765362,2691.75207708758,2708.68214737939,2726.06601265816,2766.09996953025,2795.54247667236,2809.16377830949,2791.68811177427,2781.79123748481,2725.3004397678,2641.26722046701,2558.1580707043,2531.96608220651,2508.1038605516,2558.78735445216,2580.74367166661,2702.56694689067,2760.6399784584,2845.57949755122,2860.19958363949,2885.89897541772,2870.0608552115,2861.28460312178,2836.73062599264,2865.67121378404,2887.17017663127,2951.17193215391,2981.17370404818,3026.0469629612,3058.60823107348,3097.22502107296,3135.18619505836,3141.82057210591,3143.63611681444,3156.67353771946,3181.49104681835,3192.17441525191,3217.10867436522,3246.54756915579,3304.0374368744,3311.49439698965,3328.25943099552,3325.56827606413,3338.40428002807,3311.21910485764,3311.99610407993,3353.00935217131,3332.67753996879,3296.16263595873,3202.06933171793,3270.14781517918,3298.8976427119,3389.01881238538,3407.55049654726,3451.73077018246,3454.16041176726,3434.43318668157,3385.28057425335,3321.49104024891,3270.33373513295,3313.84572521927,3316.87405100152,3402.6271717137,3440.91417250025,3548.95029827152,3564.77641567524,3578.5025385176,3565.9664005711,3554.52575440508,3529.17253901995,3492.08912694785,3505.80178860709,3449.90581838511,3513.01018494079,3511.0114379085
58778,2681,02472,zip,MA,MA,Watertown,"Boston-Cambridge-Newton, MA-NH",Middlesex County,1994.99874522454,1994.99874522454,1994.99874522454,1994.99874522454,1994.99874522454,1994.99874522454,1994.99874522454,1994.99874522454,1994.99874522454,1994.99874522454,1994.99874522454,1994.99874522454,1994.99874522454,2022.11114069992,2055.48172247068,2078.18487562412,2114.78489147843,2131.24032099902,2142.26329971053,2134.47396811277,2140.27507875612,2109.61335302722,2086.55878291679,2071.89161374922,2075.39390244276,2107.94689992023,2134.09920447016,2162.17980186559,2184.89340497759,2204.43879789129,2231.8004510664,2226.14894227872,2217.88076491054,2169.86048030083,2113.83322167592,2076.72552918409,2120.27852604335,2167.70274345412,2224.21587719634,2249.4617625146,2277.59092757112,2295.55002586344,2294.93011833092,2294.60778905839,2268.31333271351,2238.36392266725,2199.03718732448,2180.77627113368,2237.45296845612,2279.9932798773,2337.96859016855,2322.41126540892,2339.45022562334,2356.13563750583,2366.39283866614,2367.55815173893,2377.39828091911,2375.99444911863,2353.78692553974,2337.77582867846,2356.78532573948,2380.47655335616,2408.84975402309,2393.58710298749,2420.47510708248,2404.79328814811,2403.48786886557,2360.60712596666,2320.30749704099,2278.91407485222,2235.64922589586,2190.99320583962,2192.22486485778,2231.3017780634,2300.17504762199,2320.9455976486,2366.71913262194,2401.31549371245,2470.37510302159,2499.87637037573,2503.63688910765,2488.46593133593,2469.37944741356,2468.62135516081,2490.38254005584,2515.86332687813,2554.14380917783,2594.16142694484,2643.58988667183,2699.62437290641,2728.96663876396,2744.67689978154,2722.06938190136,2698.83701653531,2662.50100730673,2640.20822794521,2658.55496220014,2697.44298502681,2755.77900151486,2796.03241046708,2847.20066929265,2891.3869459443,2919.38159154969,2908.79704323009,2891.78059442821,2875.40852797465,2857.27897705757,2815.38438613469,2776.45930213621,2794.81731099257,2856.05184498818,2930.36987671664,2962.42093059576,2993.46525053498,3004.78223657748,2991.75677878744,2953.81337497939,2878.43966397544,2873.70423449271,2840.81780974038,2911.34644118256,2930.58540924187,3004.87036135708,3013.96187280813,3068.96427382254,3107.29639578094,3128.6618215665,3075.25781089437,3013.43786306293,2989.10799517472,2961.38556321976,2972.57352580741,2944.77029239766
58639,3058,02125,zip,MA,MA,Boston,"Boston-Cambridge-Newton, MA-NH",Suffolk County,2230.65156493762,2230.65156493762,2230.65156493762,2230.65156493762,2230.65156493762,2230.65156493762,2230.65156493762,2230.65156493762,2230.65156493762,2230.65156493762,2230.65156493762,2230.65156493762,2230.65156493762,2230.65156493762,2230.65156493762,2230.65156493762,2230.65156493762,2230.65156493762,2230.65156493762,2230.65156493762,2230.65156493762,2230.65156493762,2230.65156493762,2230.65156493762,2313.51837207164,2270.09701299626,2325.41545881621,2362.549249329,2397.98829077857,2456.32967190753,2469.17741016493,2452.46157385982,2373.27919258264,2348.05120767555,2340.59557699982,2369.57126894343,2397.77251936186,2432.17769737465,2456.25415883079,2465.03661371435,2503.25341050101,2522.82248970976,2536.545367705,2496.99102512579,2448.77556884349,2421.44053355325,2378.86652687697,2379.23401265603,2358.76352516991,2429.96980502824,2528.15369280097,2600.60404015551,2619.40346522806,2583.67224462111,2569.10872580775,2583.858165507,2601.79169340168,2603.95730115687,2604.17656055837,2617.99219155278,2607.39263203297,2607.44608766329,2643.46166522867,2675.78251786332,2706.11654902228,2672.97556538079,2675.80093359201,2624.03379849624,2563.82646827849,2495.91719095022,2463.14436366446,2496.47281418475,2494.05543185365,2503.54877141333,2491.70908362362,2534.45651444753,2587.36022246893,2680.43236896194,2787.51707700175,2819.95542123178,2824.04482529341,2778.56884573505,2816.02812147724,2834.57132660494,2884.25820836379,2894.30571736232,2891.61638103403,2928.38003357827,2978.01442780857,3023.28123102408,3045.16546743828,3066.54252370975,3070.09695463012,3015.81710063638,2946.77044641393,2992.92806987578,3044.85878290692,3147.74971677673,3148.44217794329,3200.03622756897,3196.7480737859,3215.30176344727,3204.54835011409,3172.86715659988,3154.63251311279,3150.89595709837,3179.56179101505,3152.06991283249,3157.7870148513,3166.53483552503,3214.94276802245,3231.34547047046,3250.11969769368,3264.09747131053,3259.56272657905,3223.58610865496,3207.74633528483,3226.19797906057,3229.72714309218,3231.56458793763,3246.03446866659,3290.9405059184,3313.29705568218,3318.00983467019,3326.18132758693,3331.86879625968,3304.30186651088,3257.51621136335,3202.94996001308,3161.28606905155,3149.85932852835,3150.70260879232,3184.94858009374
58758,3399,02446,zip,MA,MA,Brookline,"Boston-Cambridge-Newton, MA-NH",Norfolk County,3179.97972447386,3172.15747913011,3206.69387445487,3212.93925677397,3218.90792454112,3241.97109158145,3235.42730988617,3224.40040660777,3208.24498258978,3233.41819031423,3268.58131484233,3281.61465041248,3258.27282238925,3293.02119935789,3297.13698333233,3307.10383157062,3292.29321607955,3304.68704752321,3331.99065612329,3336.618510116,3326.57447145551,3299.24832093717,3283.75490770891,3287.52444785093,3329.08397066488,3363.96302860901,3391.85796620472,3392.97840307669,3379.53822788588,3402.46213263675,3420.77423973229,3414.67522787229,3414.12929729354,3352.41885871248,3411.41771118335,3429.17068246722,3512.27983053775,3490.13055433476,3510.37741410588,3499.27886709628,3526.07544048659,3525.62669521901,3555.67787796901,3537.07861937469,3489.94511125885,3424.56326589729,3453.67716985156,3499.98620191833,3594.0779816574,3615.94029097918,3645.96652432418,3621.49440938309,3613.8651570553,3615.1264443185296,3612.38305242338,3589.67644280658,3564.73032876753,3582.35668501358,3641.31010797784,3695.12313696668,3751.83282219796,3747.89291358513,3742.99852837088,3697.72022464758,3681.30162617635,3670.90436566027,3682.42151616548,3589.71009534295,3452.39050901006,3301.75663937517,3331.73885142808,3347.89990672254,3465.70377317693,3503.03735413973,3547.77032173848,3510.64542059101,3495.28437409681,3570.56970879374,3614.21374864925,3626.4187918805696,3635.1943036245,3701.61484799016,3801.64704356303,3859.466143295,3876.23664992612,3908.6599630534,3927.18790859998,3944.16345293136,3934.42927439564,3957.68041887526,4009.61258345532,4062.81799962917,4065.77914318818,4100.89892479465,4151.92496215676,4201.368795469471,4191.88862976049,4188.83411550204,4211.19532178709,4265.0757216803,4296.97559848906,4370.90945119154,4393.33771154139,4361.53013833817,4338.02749750843,4324.90342887493,4413.07362311842,4465.9630191335,4513.9074706045,4514.58784987576,4510.709446754,4538.5989560008,4542.42486469585,4543.51297949808,4551.39951555064,4538.02281730673,4533.89002520022,4504.88106876862,4594.17806405765,4685.44513236004,4724.57549410402,4673.95443609242,4629.95690103641,4655.48337003258,4636.28852975855,4651.24791641079,4545.71974408784,4546.93903095399,4505.47294090548,4585.24985430743,4670.47411781145,4765.84232520726,4831.26386013343
58762,3621,02453,zip,MA,MA,Waltham,"Boston-Cambridge-Newton, MA-NH",Middlesex County,2117.59130772153,2117.59130772153,2117.59130772153,2117.59130772153,2117.59130772153,2117.59130772153,2117.59130772153,2117.59130772153,2117.59130772153,2117.59130772153,2117.59130772153,2117.59130772153,2117.59130772153,2117.59130772153,2117.59130772153,2117.59130772153,2117.59130772153,2117.59130772153,2117.59130772153,2117.59130772153,2117.59130772153,2117.59130772153,2117.59130772153,2117.59130772153,2117.59130772153,2084.88953746364,2132.69539117869,2116.55951247187,2090.47699366791,2128.04914112783,2157.13210943507,2199.90203474009,2172.74084847813,2130.916479353905,2089.09211022968,2114.54445610359,2161.01307732782,2204.44587696208,2206.73094461843,2232.63334341609,2240.60996831453,2263.15930300263,2299.52257068445,2298.26883459351,2304.0522286326,2249.3851277757,2237.04155448578,2236.9213045714,2234.69427815712,2247.64424370951,2256.66578443527,2317.46469354903,2344.65612773596,2366.45756333489,2356.2088357728,2343.79862831179,2266.91317531492,2213.78227562552,2243.52364679079,2255.93897370765,2306.66066459843,2302.26539862371,2367.87416309875,2380.43574288317,2377.85008239839,2368.20919963085,2378.96398957587,2373.46853532957,2294.99209543252,2216.08507203411,2149.59060871787,2205.56501852769,2232.83554471619,2314.46796249395,2336.83000431013,2389.67138576711,2411.03306143689,2445.91592949645,2495.76936347414,2531.17873780347,2550.7559369614,2537.19563693639,2515.35941138028,2490.41844309259,2517.27365801061,2570.65849899418,2646.73073685922,2678.83448900235,2715.74040948401,2755.89998058431,2781.89877807108,2766.62088344487,2754.66915249763,2722.11269227053,2688.75432679641,2685.24418356287,2702.75429973076,2720.81485448108,2744.03970894433,2759.51219067417,2811.50843553814,2843.51644404993,2895.75299443886,2929.62095591869,2920.33227202536,2902.20939179428,2889.95304917508,2860.19262687824,2859.26734586465,2881.38987313263,2956.41942566286,2974.77668803367,2964.02530598883,2960.96377591073,2992.69523380669,3026.59329295155,3003.09462420915,2977.51327692377,2943.54865358011,2921.07520050485,2903.03661283107,2924.69779110865,2961.11297561998,2990.12160190826,2986.45683931193,3002.24180212988,3021.77167454444,3041.11428058791,3057.17058030285,2998.39940736382,2969.61192661408,2938.74632444743,3013.44047619048
58629,3877,02115,zip,MA,MA,Boston,"Boston-Cambridge-Newton, MA-NH",Suffolk County,2711.66234549821,2756.17294786408,2797.739553106,2800.26095116162,2787.28082338101,2809.37149692272,2797.57256632234,2784.29016054373,2734.95156418809,2775.76574034987,2806.33781668361,2852.11330541145,2834.81958323834,2872.20448645329,2855.73685809515,2857.35685595081,2830.44372913291,2845.93339203293,2846.88041006611,2842.97583416366,2795.73629113067,2785.78274810056,2745.18583818277,2855.32298241189,2922.63942060521,3023.61710906639,3009.22072248839,2986.81061812135,2975.43085265847,2974.02160157265,2979.51692927926,2974.12768677408,2965.75225652328,2978.4915299023,2981.99841338561,2996.65407741438,3011.23385254393,3031.39592980699,3036.44226811625,3025.61266001096,3028.03459756671,3012.35042611864,3032.05907752158,3009.00050683607,3005.14323524702,3000.24901713969,3015.06891518167,3062.8460714751,3104.80739693803,3170.90755298107,3177.52306100242,3159.36670833078,3132.55135885246,3116.94042906324,3128.75284952003,3124.58456806044,3126.5861909708,3110.48263658836,3115.90866460549,3147.49225136983,3168.04889308065,3189.01248369675,3187.1193028897,3173.42846082539,3142.36117370004,3105.49213559823,3058.89106476856,2961.93994527493,2860.38336122011,2778.70548528007,2777.00025397157,2811.67059671446,2878.848620855,2921.56540645771,2968.43755790104,2980.97083807613,3014.48857503798,3038.62705801338,3072.54539263258,3110.02236012483,3219.97249492212,3250.36646252539,3252.27005949959,3177.06928237022,3216.36971429275,3263.04555524556,3304.43170943763,3326.41241538718,3342.78713556833,3356.21572848063,3397.78347073978,3443.32402976974,3490.7134048417,3444.41446616363,3431.811542889,3463.16045370825,3550.84442879698,3605.71079668167,3616.94554298894,3629.57907850686,3637.90033680318,3653.46363946503,3666.9376807409,3691.0917546895,3707.57207004149,3705.71291782878,3720.83410985701,3733.0349202539296,3767.9979549658706,3813.7540397842095,3833.77450044416,3840.09857074718,3812.93599424764,3818.89998322712,3811.6824722874894,3751.6714228602,3685.02055237482,3665.2711778524895,3792.02084042807,3899.9815181525505,3986.60753502056,3964.1629462608,3957.90627738233,3944.72470311191,3942.5059304581296,3925.58712724844,3873.61326535851,3880.3789848911297,3814.3182615746896,3831.72242070442,3835.11436752152,3969.42500432384,4062.23625886525
58632,3981,02118,zip,MA,MA,Boston,"Boston-Cambridge-Newton, MA-NH",Suffolk County,2619.00866318593,2661.95205734471,2737.0600269977,2768.63248374878,2769.64654312467,2790.51741489957,2788.35195683823,2766.23058379074,2726.35047807036,2736.91560646704,2768.46588200249,2785.67439940405,2790.16780894058,2804.51714574129,2847.30476124134,2858.49183493766,2876.85250412907,2868.71915708998,2859.2275838823,2838.20054356519,2833.66300721754,2809.47107769476,2794.99874203295,2815.6457076394,2889.7273036614,2913.96904588647,2926.44971904298,2879.17354017295,2907.05089687369,2912.41367938922,2959.988827197,2963.48814803226,2965.50633915517,2958.66595533301,2920.36449649149,2914.72421898861,2893.09370030006,2947.49427732525,2980.03058958726,3013.55180233683,3020.06784844035,3015.11837163827,3038.30694770607,3042.5577833522,3059.08663000482,3012.74655586826,2983.22608236248,2970.74802732566,3029.53435220868,3068.9405448867,3083.60513049647,3091.62486078481,3118.12403477629,3150.6894844301,3155.93987825673,3144.4493843023,3127.49110510066,3170.39826316259,3172.6043167287,3151.81987452979,3111.51004216006,3106.87953889827,3154.12394235687,3139.20159434962,3153.04413811218,3115.21277932178,3089.55480611584,2997.74526836821,2859.19834166784,2715.04121131715,2627.8619458197,2656.96702623726,2748.97765894674,2832.60847408941,2886.56675719839,2929.46786769553,3009.39803197624,3088.66437665295,3167.39613987499,3228.20085117057,3250.18803140461,3231.87736866832,3202.20038289027,3214.11304437448,3249.48271464486,3285.65892824896,3326.85615342706,3363.52507244429,3415.43372018543,3456.40021377003,3477.98455635569,3484.21232094008,3481.69389845222,3500.10705274012,3523.2636028724,3522.93507563287,3527.46080981159,3540.79646001038,3563.17677862746,3567.14445400799,3588.80548520179,3623.20976856911,3672.9421721527506,3688.8623662712894,3713.92408534718,3711.4867011792703,3725.4384009079104,3692.49390078672,3683.77966824237,3675.63247152494,3694.4846251551694,3693.3536081269103,3704.44134945925,3742.1174807734706,3769.58736052228,3754.51773128148,3738.72811945985,3756.84573167113,3792.69043957569,3839.49278703101,3883.35171480245,3920.06770375174,3898.00415176319,3872.31622356447,3862.65658081845,3881.3730940700098,3914.46148217939,3899.56683399167,3899.41006299582,3866.2703802756,3886.2656993394494,3970.7603336801,4024.54743833017
58779,4021,02474,zip,MA,MA,Arlington,"Boston-Cambridge-Newton, MA-NH",Middlesex County,1804.20230749496,1804.20230749496,1804.20230749496,1804.20230749496,1804.20230749496,1804.20230749496,1804.20230749496,1804.20230749496,1804.20230749496,1804.20230749496,1804.20230749496,1804.20230749496,1804.20230749496,1804.20230749496,1804.20230749496,1804.20230749496,1824.50806343958,1844.8138193842,1833.89406939353,1800.782829301535,1767.67158920954,1737.76119383257,1771.24234058182,1829.70626673815,1888.17019289448,1840.51678121501,1819.51994629733,1835.17033029781,1891.31218072913,1907.17270981302,1933.84815931382,1926.92330962999,1902.97943377453,1922.00427685002,1904.90435921812,1912.48809610835,1920.07183299858,1933.7700810565,1923.87759742314,1944.12361287886,1969.13416042562,1990.90602528249,1989.58840883068,1991.75806390272,1944.92787878243,1917.0281221506,1905.56162163614,1945.44311530737,1966.48186445064,1965.03229128772,1992.00417707573,2037.94994051469,2075.25899002178,2094.92526025732,2069.41194654662,2079.39302319561,2070.7384473295,2056.13602465031,1999.99462622353,1975.77968145112,1961.93291141396,2064.23476790109,2078.76285484726,2142.36865177871,2084.45271043859,2100.076292436,2094.1805448067,2093.71364022856,2080.54242532395,2040.89935729214,2027.51114138632,2005.69741533646,1993.60991877304,1977.57936818155,1984.37090331754,2018.91301948854,2046.7951445961,2093.36478626395,2108.60868546557,2156.20730479745,2162.1739888944,2164.23329351042,2177.70237859602,2189.1048990809,2231.55907964841,2247.14756585417,2269.72560555313,2323.41602329049,2342.45504561234,2364.60246741881,2362.29302409655,2356.41443624056,2357.24464995086,2337.16894755703,2388.60038298434,2399.39062248723,2439.83563981464,2438.95569480454,2505.96959910183,2494.54895002567,2499.25500183594,2485.25935379044,2528.13049304363,2553.81422699926,2592.51069857392,2621.59654663608,2564.40439060608,2494.5655365159,2460.47776788877,2471.67000069622,2541.24088760186,2557.1132956286,2608.11363809799,2631.45360324674,2674.48135972896,2707.847603055,2667.38786593395,2621.50204386358,2576.20636160611,2550.8472029456,2588.8129118358,2598.59089606174,2632.86654659768,2652.11000972863,2696.26615302058,2751.07387053685,2744.96245955728,2749.25727361034,2693.06822043129,2644.65832062246,2587.14599737097,2563.4678315346,2562.41481481481
58659,4095,02145,zip,MA,MA,Somerville,"Boston-Cambridge-Newton, MA-NH",Middlesex County,2119.95002520869,2119.95002520869,2119.95002520869,2119.95002520869,2119.95002520869,2119.95002520869,2119.95002520869,2119.95002520869,2119.95002520869,2119.95002520869,2119.95002520869,2119.95002520869,2119.95002520869,2205.8053095449,2191.75084369686,2207.11573472985,2229.80295752987,2284.00211314124,2315.4275331997,2349.12854929272,2353.24649142031,2326.9905165245,2259.48932469344,2227.53864113526,2263.4920231608,2317.29287701425,2361.4868972332,2339.92999148453,2381.81193401862,2422.21579971825,2491.92315307719,2503.36345172308,2436.56191076193,2369.38342453782,2342.48242722907,2340.74325375965,2386.15263897386,2400.07529469903,2444.81101822876,2464.59447545006,2511.35070874122,2537.88261262621,2563.90793818598,2568.24070498894,2553.6204678133,2541.64275479331,2503.2502918968,2502.91775393516,2462.36561459772,2509.93806817655,2537.52392296159,2586.86710012258,2580.96985751054,2616.38117283331,2654.0026750893,2641.64883575729,2604.19808650101,2514.64391683537,2466.67798074404,2408.79318107869,2427.92478121228,2508.8105599135,2608.55731306997,2666.84920271849,2683.34910948566,2694.18077172543,2683.51385517553,2629.19604291997,2542.53202402184,2424.52879557115,2356.56618105474,2328.1062618204,2356.39230593977,2403.510616944,2459.71801112053,2537.97668780544,2600.71447023479,2647.74139706212,2663.42392994494,2671.16812197932,2653.17214649146,2632.25754381847,2606.77229271376,2593.20382456746,2603.81318352797,2653.17263755884,2755.4929380521,2844.13467694482,2899.45921317138,2917.85083477855,2952.11569402465,2933.65605298844,2902.89586241811,2863.27587046424,2840.6577001373,2865.26347622707,2884.26149163224,2957.76047556676,3008.45611256397,3084.03630484064,3112.10434117573,3129.3922200736,3101.92734644088,3079.02437020144,3066.52367980369,3025.93405627104,3057.54873332631,3080.75357461027,3159.11202122138,3157.13703510446,3185.41847815281,3205.08330463343,3252.21498574838,3249.84585564785,3237.04435825541,3190.33629221476,3149.41254252194,3080.56009320315,3081.61444797626,3074.52626390363,3135.93491872058,3191.79176588966,3271.27456193767,3343.10713489814,3375.63859176607,3369.78588792117,3305.71060855654,3224.79690127288,3208.0774467804,3228.9548314018,3250.78964850289,3274.06319648846,3326.36018518519
58658,4429,02144,zip,MA,MA,Somerville,"Boston-Cambridge-Newton, MA-NH",Middlesex County,2350.28853207231,2350.28853207231,2350.28853207231,2350.28853207231,2350.28853207231,2350.28853207231,2350.28853207231,2350.28853207231,2350.28853207231,2350.28853207231,2350.28853207231,2350.28853207231,2350.28853207231,2350.28853207231,2350.28853207231,2382.34640575546,2487.11580762208,2552.64265638483,2589.26635418777,2531.72192124798,2477.51301813025,2391.66131450297,2393.24432060755,2363.72332978936,2427.69403356599,2452.46692782069,2521.71314339322,2588.97266714022,2618.86895184084,2646.13340333743,2599.31852127577,2568.713044869,2519.37911612597,2453.75531769531,2450.22815017677,2396.6994796334,2443.18396378133,2479.82876899882,2596.03854641054,2668.58055471939,2741.46299943725,2755.97063565353,2736.03324890495,2632.32086956371,2586.96796146661,2534.39418495946,2512.45179824243,2509.74880381806,2522.34397852478,2613.74526802201,2698.86965893254,2786.06777954242,2808.92256688001,2792.76640425189,2762.13172747047,2723.57962093024,2658.73628569228,2602.21063305772,2584.33647763132,2578.14823640525,2630.93142000041,2658.48323010217,2781.39511924431,2811.3126242163,2851.21860105245,2781.10829270463,2725.31975134516,2596.89042864214,2511.54969344081,2455.10444486716,2470.22833041269,2416.64831126923,2342.81198698462,2377.09950608787,2517.03123851006,2704.23944025937,2755.32048670756,2765.90142908698,2756.4461456817,2744.76785593267,2708.46243346507,2659.0221207791,2606.71850685441,2609.70696124584,2685.04753024522,2789.69257191031,2906.13436217837,2974.91807385783,3055.57885212563,3070.71262573538,3077.20181247585,3079.30578062728,3075.12086517076,3040.23091397392,3003.56833441861,2901.42369013275,2923.39752924093,2973.34339048272,3131.53680375622,3207.02863416035,3252.75688756615,3288.71762803045,3279.8709240396,3245.79288171641,3209.09859595839,3177.63378291722,3170.25077630822,3137.37106740744,3199.95618837053,3276.98782604851,3383.37171347725,3428.14985196945,3460.72093675234,3428.83566510273,3416.71199304248,3389.50754521787,3419.85521167505,3384.68943092544,3285.28481066237,3166.57554190151,3209.51060468143,3336.66282622414,3513.24769868445,3554.32053309774,3578.36744146952,3532.6308202453,3460.34441992561,3411.89562194658,3436.7735673792,3501.76564374168,3435.89918767927,3313.12102780929,3298.49326599327
58657,4814,02143,zip,MA,MA,Somerville,"Boston-Cambridge-Newton, MA-NH",Middlesex County,1973.69852230205,1973.69852230205,1973.69852230205,1973.69852230205,1973.69852230205,1973.69852230205,1973.69852230205,1973.69852230205,1973.69852230205,1973.69852230205,1973.69852230205,1973.69852230205,1973.69852230205,2010.25233594349,2021.64366137765,2079.80232828769,2148.36202471264,2189.37815656727,2164.51134125034,2170.4308517022,2128.79594612143,2130.36985531543,2080.37202900827,2068.23380714069,2090.94495753582,2145.04186395618,2180.58515502461,2222.0769602331,2243.21741825643,2270.55142886583,2255.04276354054,2249.90325082319,2234.46300635361,2189.53740307313,2174.14948558439,2159.0593502825,2162.27544799521,2193.98950007633,2233.58029672404,2319.1593871427,2338.95791966741,2352.97895478679,2335.50333075876,2313.49438875993,2275.63580889261,2237.63474763851,2222.48437605868,2196.5208199037,2258.19706843703,2292.52941978122,2376.59381729916,2390.13671038849,2391.44367092183,2406.96075781257,2385.41042577707,2378.761462004,2366.55366579679,2334.01243175836,2325.1082268633,2265.02937770547,2304.06093654487,2367.30630619289,2442.96006588364,2461.99810635184,2448.90882471151,2432.99204535993,2397.33762443823,2329.35365053924,2248.9124403931,2123.92305080108,2080.95110665173,2083.64238035081,2124.33429714347,2175.68541145481,2226.42592384507,2330.85115516186,2368.04492386906,2404.46779697308,2413.10332670604,2402.76280216279,2413.96749616387,2383.14959873967,2392.05755189849,2382.26676227656,2432.11451086763,2477.68185001945,2513.4252779409,2556.99479202058,2597.9026827698,2645.22629872984,2685.4481465662,2684.89903765187,2675.52299697874,2619.36275286376,2660.33440669016,2636.70483139739,2667.81689467061,2620.82075420428,2693.83406585961,2740.4032560731,2805.42566450254,2834.99559687468,2852.88166246083,2858.56893144473,2836.0856328506,2797.03705384983,2796.65953894559,2752.83578312143,2742.80911128084,2764.14419679253,2880.93648362619,2979.46670065452,3028.75726991794,3011.1191390153,3012.54787874905,2931.61774322226,2882.74995432553,2785.50826984296,2808.41766528874,2846.15279276825,2900.69578144134,2925.55911849225,2973.56364833582,3054.05708357411,3100.60000563472,3064.30549242812,3027.52254165408,3007.70570837705,2975.66160905264,2965.32524837769,2941.71275417078,2934.26393745864,2901.20848484848
58695,4861,02215,zip,MA,MA,Boston,"Boston-Cambridge-Newton, MA-NH",Suffolk County,2272.72728765983,2323.87527910712,2348.63688941096,2356.09055610592,2342.95000925548,2341.21345663889,2340.00574197227,2336.97724887251,2352.7384684185,2374.48772863157,2377.28562447356,2394.26615526941,2392.95570543183,2439.610609556,2444.26932527681,2454.58952700586,2441.15527881409,2428.72384911535,2433.27425770577,2450.63479031669,2460.47899528484,2413.27246136996,2377.08002939026,2390.95051952524,2471.41186502088,2527.90635787423,2548.99953752812,2537.89413678057,2526.36422679644,2515.17866334641,2510.53969693533,2496.66402816021,2497.71598579612,2534.53731855378,2550.86339179534,2572.10466264041,2563.33338016979,2584.75899813216,2584.42283415358,2557.68645555149,2571.24156719114,2581.56734642652,2615.35855672729,2610.01134676983,2566.13115399444,2530.84766371707,2526.04245674419,2586.3145962131,2634.43547541098,2668.419690885,2674.65873302051,2670.07717094233,2674.81998278867,2681.12990949456,2703.90555352487,2675.51004256602,2683.65402576381,2683.84945996191,2701.18645753937,2732.26542879422,2747.51442085879,2779.55562594674,2771.42977496427,2754.99504507086,2723.78102568852,2680.83831434605,2644.79263843544,2599.48017859147,2505.12718719714,2437.48128919539,2399.2564482067,2423.86369606801,2464.14947603303,2529.77253175794,2574.8658119018,2592.31823672449,2599.53335824285,2631.68865298791,2663.21417941624,2703.79360046365,2713.66663203717,2754.22431123531,2787.91112366739,2825.72206413114,2849.78209332908,2839.32263189582,2852.95753337734,2862.91808854224,2897.03431669223,2929.59073753186,2969.346111151,3014.19932923669,3052.149802011,3080.32626078406,3084.75519619403,3112.52705939887,3106.09374280028,3131.6876208173,3130.0356408714,3171.07541514398,3178.59871144474,3201.56247284048,3211.87672614536,3225.82724781801,3189.61539343753,3187.24535920508,3216.36709729062,3274.42752026034,3277.97199226529,3284.58151238072,3287.51826343814,3324.558403437,3325.93473406608,3311.64253683767,3267.01597389129,3241.4176374576,3243.28686949687,3258.83087073166,3262.93701832779,3331.48947001775,3401.40424823397,3437.18844784781,3420.9920700093,3388.79039745317,3394.41173880028,3383.439604587,3354.73289187888,3316.34601817338,3307.92098279097,3285.48301748382,3321.30690690238,3359.0978247368,3465.01257472686
58757,5612,02445,zip,MA,MA,Brookline,"Boston-Cambridge-Newton, MA-NH",Norfolk County,2838.73788103927,2807.88984640967,2763.4477456755,2770.44815528791,2791.2318097467,2825.61052165086,2832.98957197864,2785.34075728674,2774.99920226576,2755.29319438963,2720.13445854002,2706.34234208274,2737.29685167228,2831.69135344297,2872.7802875935,2893.91732289675,2939.62600075133,2961.15252631024,2962.16450341885,2931.36445275955,2876.26914982342,2843.85188421362,2823.74327908106,2827.1739414663,2836.5796137729,2886.10620637521,2945.30018319529,3000.94660301589,3005.0684858376,3021.45519249577,3006.00549027865,2950.28421729356,2901.74312987211,2889.50671505033,2940.57539596752,2986.22233002959,3011.41592768501,3058.24195630336,3076.92115346144,3110.76704710399,3109.96337671866,3120.24350212921,3140.47672627658,3084.6720626632,3027.17270973524,2954.98921265293,2961.57343573945,3034.05416802125,3065.77457100843,3123.70164377569,3125.69508557057,3163.2175591366,3153.36005167741,3154.41436138589,3158.44775960412,3130.82618390904,3132.29061189788,3061.78376309016,3075.30189166366,3114.53194477369,3239.36035018504,3289.569701991,3326.73818231596,3306.49257219414,3323.68343462714,3271.17725825677,3263.0841682954,3160.10849862841,2977.80781760769,2825.85782242197,2830.80357873627,2923.38815554696,3019.87591520212,3069.28440103333,3116.89644264666,3168.53948472061,3201.90223405623,3230.58578352253,3236.19925533372,3229.19278956202,3212.18525316518,3205.5505852906,3336.84128970621,3370.92251557002,3493.19711612254,3430.39434571322,3519.24774943924,3529.49624524614,3578.49199332751,3635.0144304368305,3690.2387442588897,3791.99179767232,3803.989218977,3853.54395075127,3781.23407737522,3716.72087802086,3706.45609294328,3809.45026126377,3924.42792477442,3961.19315225586,3958.10155488996,3981.64097059752,3976.36921560146,3925.35221802349,3949.0156162792496,3939.9658414622704,3977.4302404780306,4013.95015182975,4147.98326607402,4221.99202033392,4195.072212652711,4135.46152547058,4138.69225135507,4136.92734687626,4139.5595856971,4068.45106293982,4046.45196558344,3991.37143875184,4176.85191581569,4221.15756403072,4341.66238114726,4243.27186920335,4302.59097193932,4323.89081515811,4342.46163760989,4322.2334972321,4266.215673087449,4193.64907423275,4054.34195880016,4029.2385264912095,4121.39506882778,4321.32736764964,4373.48086124402
58630,5643,02116,zip,MA,MA,Boston,"Boston-Cambridge-Newton, MA-NH",Suffolk County,2304.51471394252,2281.02606363858,2324.72441828375,2355.65045452906,2398.74310526822,2412.13520007046,2406.42214953542,2362.69088742866,2374.20467151175,2365.07004036056,2390.28566946977,2378.02177326575,2400.51432990773,2386.21998598463,2412.21577459436,2412.27184025999,2440.75528420267,2459.96219919835,2478.78229397561,2472.59547554169,2430.78659959334,2391.16657728342,2401.85953264843,2395.52269158737,2450.06097980796,2478.24378332943,2529.33951199171,2527.12751233592,2502.77624711873,2505.65093112781,2531.83713543183,2544.27745207886,2517.2436496701,2481.60200353544,2466.86882435996,2472.06064619565,2473.24993464956,2493.44052582484,2513.04864206545,2524.38897810153,2557.41438071479,2582.19688122401,2603.82918826987,2593.88867404103,2568.30828135266,2572.43605129426,2574.66429289414,2590.23414145245,2565.73342628197,2597.86295454765,2624.72971869983,2661.60334725506,2658.72567078889,2666.91941909159,2678.37838363508,2659.48854820631,2687.52444850931,2641.56155449338,2673.26200419329,2649.21488963536,2670.34689233086,2669.21290525004,2714.37912683401,2756.73010722593,2753.31430288968,2705.26433953038,2681.28147955826,2606.49165841207,2553.1569843236,2440.20477319661,2396.98790051674,2348.9046111116,2400.23222576677,2459.30257162803,2528.47737311271,2560.64553162704,2597.49297530906,2619.20003765381,2655.11550650059,2648.04142924136,2636.12017099127,2646.61780177869,2717.04087964037,2754.25596635851,2795.49409005726,2766.05456215239,2825.23036240745,2849.71189455116,2911.59339817925,2946.35844299468,2964.02327077022,2990.78838879212,3017.98581259339,3076.03394491411,3074.13921433598,3045.13123835555,3035.12995835476,3051.28313145271,3082.15050401766,3096.86546218061,3134.28409810486,3156.67387790198,3162.51118572957,3141.59533137164,3107.78376748973,3116.83023901888,3094.57372507486,3155.10052145945,3148.37688725576,3243.30852625309,3243.91477227134,3265.85504457135,3250.78231846516,3280.42990165167,3281.66202052804,3243.51399589892,3251.30373990542,3259.07642691395,3241.81754480596,3214.53523992212,3234.66380378071,3312.40704044641,3338.87588844199,3355.53596986395,3351.08888347536,3362.10327369805,3360.44470742382,3387.99594409129,3425.88395012625,3396.90528062372,3407.48000639089,3397.63845313339,3446.91576086957
58648,5758,02134,zip,MA,MA,Boston,"Boston-Cambridge-Newton, MA-NH",Suffolk County,2374.62090203576,2422.9190619682,2435.27997395845,2449.19714560059,2445.4214634895,2431.12806302327,2419.85731491038,2409.41556330382,2385.71070099346,2357.83168465327,2338.98734064822,2392.93982570758,2473.66707947912,2556.98121074581,2574.45360651896,2552.95101920005,2533.29643614852,2524.72956152857,2525.79311993189,2516.39320402039,2500.78404045846,2496.24927381535,2506.4094267618,2530.84873007867,2569.51569907923,2618.12336547602,2644.64095111555,2652.90611346242,2626.15981717494,2622.29754259421,2624.4951885455,2633.71203609523,2586.95963613265,2558.6704779632,2547.8122844011,2649.06650124401,2716.10835285087,2765.94258689539,2747.82299201665,2739.71298721802,2745.57952635248,2737.95999879006,2724.25562312657,2676.82951142324,2684.20227573521,2685.60247229108,2745.7370542725,2770.40582769794,2809.81660128866,2807.30650665719,2805.04039111213,2810.70124955375,2835.2370521453,2858.97481414867,2862.91263808994,2808.28356999739,2794.13405739687,2761.09959990809,2824.95484414837,2841.64938602957,2896.88169787702,2903.99270144548,2913.18563458958,2896.01832114172,2869.16615668941,2835.82323560134,2803.19551697306,2730.94722648681,2628.97693277644,2562.29344475817,2503.58548231454,2559.73735356772,2635.06409828015,2757.28174505054,2786.1560385499,2746.63444499629,2736.27946974575,2761.04063173744,2794.91531277962,2792.79553064279,2755.55013051681,2786.65472382327,2804.05830803236,2886.5832565377,2932.19821239938,2996.97015850494,3013.60870638026,3030.25170415156,3065.30433994303,3115.7563859973,3144.60696153089,3175.05623702346,3159.46873229167,3186.63839948286,3221.69724868814,3265.23628889776,3271.76452466078,3273.25772566593,3297.28912479055,3329.69291618256,3374.04364628318,3409.32219386583,3426.45912549152,3413.61212309258,3411.54100901991,3395.11824444891,3406.1430129904,3429.66815186165,3474.97131590894,3513.30256290322,3522.65418942931,3548.45865415795,3567.37483312565,3597.76828591355,3579.74433816705,3502.61880515349,3436.50930810116,3396.88747534169,3438.41636901517,3483.69562137209,3568.31907007675,3599.24198076849,3635.1278166638,3638.86227475195,3662.97519383329,3634.90538305221,3600.24304857413,3553.8148223648,3483.61390643823,3415.16736962107,3464.53787857054,3546.85206818486,3653.7128316121
58643,6174,02129,zip,MA,MA,Boston,"Boston-Cambridge-Newton, MA-NH",Suffolk County,2224.27389078179,2221.18950525769,2197.56406247888,2249.80038447522,2258.31540832377,2283.32495650796,2275.0627451538,2268.79846802243,2252.4916686556,2221.91456598629,2206.91705758487,2188.2202263528,2259.98986911848,2292.61435631912,2323.71023860192,2291.25682114216,2307.94958649644,2307.50084491064,2320.65273045455,2318.1664997505,2347.93740095948,2357.49321087991,2277.60269460245,2282.34399505818,2257.25082107132,2339.75858320862,2344.51003817628,2404.08474748058,2450.63806693045,2465.49490803038,2462.60902516488,2454.3277802922,2391.35032618091,2368.08039173093,2316.96678425185,2371.82493731752,2400.54106555815,2475.18951957177,2523.16449648058,2538.9095781349,2541.19673814919,2530.15037351378,2535.280786131,2562.58588154445,2545.79588608076,2537.31073148036,2487.53548080422,2468.87811677642,2457.94992282657,2494.41310682365,2535.01677699149,2566.95436425967,2583.83715484264,2618.03805596207,2630.79864813764,2636.4244693345,2661.85154386551,2637.18246792437,2649.05961128852,2632.69886853175,2651.64316897169,2637.36402563627,2640.52560245972,2648.1257065199,2654.51187922705,2638.09417138997,2624.80771277898,2566.79389417551,2469.35201390703,2386.67476291713,2350.91877937598,2354.66350346897,2371.7770713075,2414.77483998338,2475.33098150882,2549.75018159941,2596.167350871,2664.20504320143,2701.46678117489,2735.99084301722,2724.22703866291,2726.2391751387,2692.05520794427,2691.76287104515,2719.35371415737,2785.75909660091,2812.99965236083,2814.40315596257,2853.9967496686,2905.05999794817,2953.90458954047,2955.78027575603,2947.87146968217,2884.79949036235,2836.05414424066,2841.54259633951,2928.9856875737,3016.87811196773,3042.91548874938,3053.56963598333,3041.40688192508,3072.37781954486,3071.37054619287,3091.55258507613,3093.43117460118,3105.03310211456,3149.48244079025,3123.65240915584,3138.92397370082,3120.85952170585,3132.63159828995,3141.66319360781,3139.06419755906,3200.66449173174,3233.37582006777,3302.44469496926,3298.74496323411,3266.32168764869,3248.5204964306,3257.23818551611,3266.664603089,3206.52894219876,3202.81901348663,3286.34594238867,3375.06561300104,3398.66847950191,3380.13802081002,3348.53065519535,3341.72941114253,3332.50858888416,3293.15026955274,3352.43387495126,3326.27777777778
58671,6787,02171,zip,MA,MA,Quincy,"Boston-Cambridge-Newton, MA-NH",Norfolk County,1924.15484804598,1924.15484804598,1924.15484804598,1924.15484804598,1924.15484804598,1924.15484804598,1924.15484804598,1924.15484804598,1924.15484804598,1924.15484804598,1924.15484804598,1924.15484804598,1924.15484804598,1924.15484804598,1924.15484804598,1924.15484804598,1924.15484804598,1924.15484804598,1924.15484804598,1924.15484804598,1924.15484804598,1924.15484804598,1924.15484804598,1924.15484804598,1924.15484804598,1989.21891261321,1975.94166163046,1991.39934414706,2003.0390548499,2015.13596665524,2028.38041423403,2032.57578341332,2022.28160031421,2032.48661014694,2082.22749578555,2115.82398021414,2107.73456422918,2051.39041402238,2050.57804736474,2078.76470369366,2110.06410193643,2140.14232400894,2120.71215132794,2122.00506718124,2089.50535408897,2090.07372562939,2084.30912378761,2148.24392692031,2169.29439652781,2201.46186204047,2169.29903612761,2159.724592315,2155.4692773755,2166.44393965647,2194.6092844757,2213.38745795701,2194.07676102626,2191.33288002859,2205.86698751001,2229.7202293474,2242.3976683542,2249.96275628949,2248.39350281972,2247.16476991542,2212.59370806556,2212.98933658057,2210.37185472765,2216.68595857368,2216.00921142022,2179.52230675444,2144.73886437902,2119.80047871905,2122.73566713442,2126.07464576335,2163.96468845868,2234.04020986009,2290.16786142323,2311.89649528222,2330.81633108949,2370.82569034632,2409.70511701395,2438.27303098851,2425.10026933394,2437.53569078362,2428.34917455952,2430.89162153276,2442.15062225834,2455.88296494424,2504.86976012932,2532.606574859,2589.69441904466,2603.99783216633,2645.24578430857,2603.21954005791,2610.69148628313,2578.75650580462,2602.38519137998,2589.65962629957,2614.51434666171,2640.6068550074,2689.98552440992,2707.4814780585,2703.95903478254,2692.57612002926,2688.4863290371,2685.01925471592,2659.36582828978,2652.50860165018,2639.5698900021,2643.35810424931,2645.66176717119,2673.3163939026,2732.12833480079,2747.20103335921,2782.61611935942,2776.31691509023,2806.04652686701,2773.70959739508,2768.19940731931,2723.94838820205,2739.61901464137,2768.75033594387,2827.42587762601,2847.45007967868,2855.1802658326,2883.29881678098,2898.40560533778,2925.65409052308,2878.98627600587,2884.10921906449,2824.51930573877,2798.7618908896,2773.62745098039
58655,7965,02141,zip,MA,MA,Cambridge,"Boston-Cambridge-Newton, MA-NH",Middlesex County,2297.72739070668,2297.72739070668,2297.72739070668,2297.72739070668,2297.72739070668,2297.72739070668,2297.72739070668,2297.72739070668,2297.72739070668,2297.72739070668,2297.72739070668,2302.52869321014,2305.4721215774953,2308.41554994485,2312.07673447863,2368.12105406254,2401.19300418256,2445.29055609042,2462.35441814814,2496.71602689763,2510.32270572726,2435.68595630674,2383.52396327758,2348.22243050559,2382.75394600158,2447.99122739143,2455.03376564784,2498.88780273884,2486.81643870909,2519.66920460044,2512.75551470207,2484.21307450271,2418.51011247264,2343.9742649326,2359.2403079699,2385.3229824545,2409.69218091665,2457.31045464347,2520.66101923952,2610.04950416189,2609.9202151052,2664.64564126224,2639.21821232578,2606.77628484628,2576.28652370641,2536.44574048818,2535.01134522229,2515.98643515071,2542.20034658853,2580.49304870229,2616.50437886088,2709.38414917379,2745.04884464768,2761.33245998217,2745.69369965498,2755.21560817587,2766.27632394572,2746.05524670943,2721.21332049903,2679.01576895086,2688.51110868641,2729.77130104824,2778.41524326942,2799.72163027342,2769.37450479437,2751.42238941074,2726.59185597525,2664.11539479793,2538.67760646818,2445.96698404528,2398.30166038045,2378.82641600592,2349.06280534026,2358.10810747851,2432.11865086033,2541.21051006383,2650.17270797729,2760.35054749847,2848.41316510278,2832.35864893276,2807.41830534012,2764.71300591688,2791.73977361812,2815.61347871105,2848.71553458619,2863.99099900319,2883.81596917313,2917.17392892309,2990.41505227106,3048.53961932755,3120.86407654583,3144.30942080329,3192.63820085877,3178.76130480192,3188.43046886473,3092.29183589743,3128.94990806137,3129.26477016128,3193.38361700674,3193.01225497886,3235.32119981961,3276.51654417045,3304.06628294036,3281.58055678244,3304.11464830542,3286.81842527129,3304.04410696069,3269.63191844654,3258.55821850834,3267.08407343946,3291.581640235,3335.33324594686,3365.04071401728,3398.15011533864,3379.40664034844,3364.95526490069,3332.66692638652,3284.44195711431,3241.37213654354,3226.35764230588,3232.35726840869,3293.57104617,3359.66582555084,3457.38233532515,3509.2924532002,3522.53230090164,3488.13625393558,3404.29508268424,3328.4165716009,3325.64403425849,3348.80479468366,3344.8114149776,3330.37719298246
58634,8109,02120,zip,MA,MA,Boston,"Boston-Cambridge-Newton, MA-NH",Suffolk County,2904.99300207612,2904.99300207612,2904.99300207612,2904.99300207612,2904.99300207612,2904.99300207612,2904.99300207612,2904.99300207612,2904.99300207612,2904.99300207612,2981.36946450396,3084.4004284312,3120.94035260003,3182.16393302665,3159.2864810607,3179.21102449987,3144.69236556688,3162.50894964018,3101.84032388328,3149.7546786223,3095.7346925552,3086.57495738265,3039.13490574451,3166.04042879476,3263.4074915971,3338.47985659991,3297.04639621684,3262.39337539837,3247.57691779747,3242.38682040327,3221.24555183425,3155.37000845744,3171.40769348611,3225.75786667018,3316.71066200076,3339.27381518423,3369.8549954905,3397.3999837637,3391.21092134241,3383.57033246283,3341.00491224762,3308.76754186484,3313.61241228856,3349.68725748051,3348.70661198612,3363.35769914105,3399.89056335965,3487.21694573867,3502.89761679392,3530.35165159288,3491.36778599459,3440.58006294353,3342.58749184986,3312.65571893711,3376.60925758241,3465.73397155946,3511.2338870654,3536.2824286557,3532.55051256354,3592.16404080216,3575.88448325032,3578.12257923743,3513.83550784229,3520.53621764007,3533.17509380179,3561.93334265724,3513.28185319508,3423.51659986298,3290.28341753885,3272.879481769,3353.02612651401,3547.0947461859,3646.52747478152,3659.6029161579,3625.2667599113,3546.96907662411,3423.18184314453,3426.01485694724,3460.26998506049,3548.15881195505,3274.61550347594,3389.52925307601,3572.69422765776,4009.21534303408,4052.10541704474,4013.16993711032,4013.12415315386,4004.1434757116094,3982.51916735414,3978.0714343568097,4096.30423097531,4342.69952231933,4522.36702806164,4542.23146969336,4504.7876264047,4488.14010563917,4510.12571527961,4521.32592940687,4519.80777352554,4449.48962910457,4430.76725955624,4470.7518558136,4506.53336532499,4398.72579632047,4384.70778350924,4565.58915272035,4897.62673666017,5035.62042566854,5007.1731909182,4916.63429004543,4873.42177597394,4875.77014898388,4907.57853517082,4900.6220823051,4906.87269929168,4816.10597009954,4834.13501311239,4963.33385962611,5212.49160551375,5413.83449449639,5453.051192899689,5409.07982469639,5248.01127609599,5104.02659568601,5000.64041047294,4946.60240187299,4894.48088200101,4800.88204181848,4739.95312159891,5006.88744772401,5345.16079518852,5691.14929713405,5617.62851955805
58628,8634,02114,zip,MA,MA,Boston,"Boston-Cambridge-Newton, MA-NH",Suffolk County,2607.93467727091,2723.86457984352,2734.2587058135,2754.81077155886,2753.16495109666,2743.04712184946,2732.40940497068,2721.07470498373,2710.16836625182,2718.11015489977,2704.46236336971,2760.78054902958,2793.44958470623,2846.28795722264,2841.25549374743,2822.0607306702,2841.96643021612,2865.12041525933,2874.63395673292,2846.24605153552,2804.35348750706,2788.56157969223,2784.59520082365,2787.18932100429,2836.43651282026,2883.82610487642,2936.82611234176,2923.67629726092,2922.07731241903,2906.56432293338,2887.57911846721,2866.66010925485,2834.39786332542,2840.76931051329,2890.20048664496,2970.23736694667,2997.11816641851,2947.20259994778,2941.76636553985,2984.98356297032,3025.5095551723,3034.13196162685,3016.76616767698,3003.1725910304,2991.51495566928,3031.24201109525,3007.24855083822,3006.43064339707,2993.48088182799,3030.49144173809,3053.14231434117,3062.82113305286,3090.83003387736,3082.60296860876,3077.47267050687,3041.08189959467,3043.58434895477,2980.10908284213,2987.77385319236,2982.52230684167,3046.485852677,3111.24395390716,3154.89616933488,3157.82292854408,3098.91882511015,3037.98353109856,2959.08043361156,2857.48073538632,2757.66987987534,2628.33050839015,2538.27308670765,2512.60721749868,2587.2198143882,2682.63094696282,2787.47804770549,2876.45830607812,2951.57198023765,2981.69654159416,2996.38967653034,3014.04343790753,3012.62363590966,2981.97986217931,2974.28365973426,3026.47919666338,3092.63584729231,3138.39205472157,3150.86945203144,3184.8138407051,3235.73915231046,3245.28810838096,3266.62825430998,3271.10609815363,3336.88542084176,3343.35496293316,3348.67103518536,3335.34576844163,3328.27094389551,3344.40826018029,3365.82484692488,3439.75386136107,3487.13461025098,3503.11405116709,3493.72613627933,3487.88216146511,3495.71638839636,3499.22626357078,3522.2424219254,3532.53561153785,3530.62843709169,3515.99514930436,3520.96710856387,3549.20416102275,3589.2139021018,3603.64053819748,3614.96026551275,3570.76292787947,3520.81569627384,3498.00593619152,3518.75081357987,3536.54477811749,3537.3814523596,3552.64003388302,3582.89717628894,3632.8350441978305,3667.8391635805,3700.0998963277,3673.58244769583,3701.8751402756,3674.62861659544,3662.42069521816,3601.16585600487,3586.85033381019,3627.85716773648
58627,12215,02113,zip,MA,MA,Boston,"Boston-Cambridge-Newton, MA-NH",Suffolk County,2078.7279237782,2080.98895862892,2114.17686469091,2131.60548770234,2155.76276187915,2175.10737806269,2185.58287938284,2160.47030945972,2130.22398124421,2110.88279094914,2125.6569615466,2121.54320726456,2105.7422433372,2131.87088295044,2146.6137625792,2197.0610159151,2210.36549462389,2230.89048870914,2231.45773367823,2204.49223149912,2198.92391522911,2187.19356909102,2230.1728546206,2267.0709610142,2241.71910514939,2241.73902830465,2216.99165619634,2285.62907157013,2299.86512180509,2314.01559242112,2320.44037298442,2283.20878434839,2225.56998085262,2179.22972791612,2183.32003477936,2217.6035950972,2220.8534954454,2242.06712092175,2269.99046533885,2306.80507899791,2308.74382701206,2335.84465503091,2328.24704627087,2299.32139202991,2291.89550539893,2286.93288096899,2349.38739197777,2334.4700590307,2365.27125242122,2341.42426890079,2367.25912734654,2371.32523852877,2384.46833558721,2399.36086879881,2433.55129703811,2447.14336270609,2445.79141669336,2376.26211807885,2295.15358857686,2300.56749792703,2355.33508637876,2447.92356774404,2438.3418414814,2441.13271346901,2423.56746128213,2429.23368512869,2396.10151280483,2325.28942756806,2217.08416828449,2128.41003016062,2078.42624940746,2070.09696153464,2088.0184745684,2095.57684976422,2148.01715216373,2201.14103456056,2289.95165831969,2340.90704401315,2376.69563172392,2400.64046422748,2402.37172825768,2414.24328531643,2492.30268945446,2468.60578859762,2499.35203203389,2450.11059638588,2520.26247741866,2527.39936685654,2557.42864673238,2594.8798786767,2625.19697375281,2645.64343957513,2708.76066517232,2702.18188853641,2651.3977960361,2660.57511515834,2665.31953681081,2742.74244901569,2706.96091912676,2782.88785580421,2845.60043876439,2875.41954049728,2901.02251225447,2883.41425287502,2941.32639303579,2881.89301724579,2845.97289176768,2894.60936272989,2979.38440936912,3084.96754207238,3044.59191648821,3049.75184132658,3091.6661562329,3099.90994536014,3115.8199184461,3049.65337941651,3093.4968506651,3081.47922350653,3106.7949314903,3027.41518218428,3043.09853988528,3049.54450946863,3086.26102841837,3120.12610808518,3152.68801532489,3172.0860874328,3158.05502238686,3116.66411490393,3147.7862037594,3078.53695957516,3076.63434248749,3038.08781523558,3156.32505175984
58622,14268,02108,zip,MA,MA,Boston,"Boston-Cambridge-Newton, MA-NH",Suffolk County,2274.9554303343,2274.9554303343,2274.9554303343,2274.9554303343,2274.9554303343,2274.9554303343,2274.9554303343,2274.9554303343,2274.9554303343,2274.9554303343,2274.9554303343,2274.9554303343,2274.9554303343,2274.9554303343,2274.9554303343,2274.9554303343,2274.9554303343,2274.9554303343,2274.9554303343,2274.9554303343,2274.9554303343,2274.9554303343,2274.9554303343,2274.9554303343,2274.9554303343,2279.84422086517,2374.90317377758,2402.41250071975,2414.43720087406,2429.72806643428,2377.71513567414,2354.24779532423,2354.35304993211,2394.57331986929,2450.2126769569,2492.41922873583,2445.67387044971,2417.06084320931,2406.22766263425,2492.59095927368,2508.11819731653,2480.11704446497,2468.8166637672,2475.70787241474,2472.8737902924,2471.37972129302,2380.81036383218,2411.51251286873,2461.48848096374,2551.57585650183,2589.36088823843,2590.61306998931,2637.17387403845,2633.56605253158,2635.74759251584,2582.72594384299,2581.03058102983,2575.98013600426,2621.97657991486,2634.73829461655,2632.72057633647,2620.74643906491,2683.64425036255,2691.48519279882,2732.62313201317,2641.81485481889,2601.51384929103,2528.37815661065,2488.80707999783,2498.16806063293,2454.98941026443,2429.45593695187,2336.67218946338,2446.13483941997,2517.44313338032,2639.75247832941,2671.20274180887,2731.06449543856,2762.96906738563,2718.05489428432,2593.69167626141,2556.27196174791,2575.64808287665,2613.34703223282,2710.96877020584,2813.91287228685,2968.05043496959,2995.11324590784,3006.59143276421,3032.38169366708,3063.15462539415,3034.01888870338,2942.95772950274,2894.26207027656,2947.99111637293,3113.62060847706,3189.45898472666,3215.77674937071,3224.57584871989,3232.5158706861,3256.14924534503,3238.51759842263,3274.36104459994,3271.58653279762,3305.60545887548,3274.09472819077,3137.49557321122,3101.02583288508,3175.27179117517,3395.40315537283,3471.62007338576,3492.03558819186,3469.37613366536,3498.54090954709,3476.86236053612,3396.43341206541,3408.58709229396,3445.43500685352,3574.91602960636,3479.81766841113,3448.26934686624,3468.18759601049,3536.63532323584,3606.55789700188,3617.93370941105,3681.45879727683,3604.37933754443,3528.68328342163,3359.14404079447,3389.67558205145,3469.68548454413,3609.72867661879,3433.75
